{"number_of_nodes": 131, "number_of_edges": 181, "max_degree": 106, "avg_degree": 2.763358778625954, "transitivity": 0.005690894568690096, "density": 0.010628302994715209, "mixing_parameter": 0.0, "modularity": 0.021855254723604448, "description": "High Density/Transitivity & Low Mixing"}