{"number_of_nodes": 1501, "number_of_edges": 2021, "max_degree": 1168, "avg_degree": 2.692871419053964, "transitivity": 0.0007145188959442852, "density": 0.0008976238063513214, "mixing_parameter": 0.1904997525977239, "modularity": 0.12493264072121486, "description": "Low Density/Transitivity & High Mixing"}