{"number_of_nodes": 1497, "number_of_edges": 2003, "max_degree": 1168, "avg_degree": 2.6760187040748162, "transitivity": 0.000703404831486929, "density": 0.0008943912780998717, "mixing_parameter": 0.020968547179231155, "modularity": 0.024931648956919107, "description": "Low Density/Transitivity & Low Mixing"}